spd2,id,dil1,allowed_voters,spd1,pir2,voters,fdp2,cdu1,desc,invalid2,pir1,votes1,invalid1,cdu2,gru2,name,fdp1,votes2,gru1,dil2,search,city,turnout,voters_rate,allowed_voters_rate,votes_needed,impact,below,above
16804,1,1437,86552,22105,5383,55999,5820,17062,"Von der kreisfreien Stadt Aachen der Stadtbezirk Aachen-Mitte ohne die Stadtteile 31 Kaiserplatz, 32 Adalbertsteinweg, 33 Panneschopp, 34 Rothe Erde, 35 Trierer Straße, 36 Frankenberg, 37 Forst, 41 Beverau, 42 Burtscheider Kurgarten, 43 Burtscheider Abtei und 46 Steinebrück sowie die Stadtbezirke Aachen-Laurensberg, Aachen-Richterich und Aachen-Haaren",568,4334,55306,693,13179,10794,Aachen I,2224,55431,7382,1619,"aachen i  en  aachen  bezirk aachen-mitte ohne  teile 31 kaiserplatz, 32 adalbertsteinweg, 33 panneschopp, 34 rothe erde, 35 trierer straße, 36 frankenberg, 37 forst, 41 beverau, 42 burtschei kurgarten, 43 burtschei abtei und 46 steinebrück sowie  bezirke aachen-laurensberg, aachen-richterich und aachen-haaren",Aachen,0.64,0.007087343449178031,0.006526291676346543,22105,1.5,114,13
17907,2,1734,91237,20917,5004,55563,4779,18672,"Von der kreisfreien Stadt Aachen vom Stadtbezirk Aachen-Mitte die Stadtteile 31 Kaiserplatz, 32 Adalbertsteinweg, 33 Panneschopp, 34 Rothe Erde, 35 Trierer Straße, 36 Frankenberg, 37 Forst, 41 Beverau, 42 Burtscheider Kurgarten, 43 Burtscheider Abtei und 46 Steinebrück sowie die Stadtbezirke Aachen-Kornelimünster/Walheim, Aachen-Brand und Aachen-Eilendorf",788,4614,54672,891,13644,9376,Aachen II,1925,54775,6153,1764,"aachen ii  en  aachen  bezirk aachen-mitte  teile 31 kaiserplatz, 32 adalbertsteinweg, 33 panneschopp, 34 rothe erde, 35 trierer straße, 36 frankenberg, 37 forst, 41 beverau, 42 burtschei kurgarten, 43 burtschei abtei und 46 steinebrück sowie  bezirke aachen-kornelimünster/walheim, aachen-brand und aachen-eilendorf",Aachen,0.6,0.007032162432662707,0.006879555338696154,20917,1.7,122,5
27592,3,1735,116350,29974,5965,68241,4444,21667,"Von der Städteregion Aachen die Gemeinden Alsdorf, Baesweiler, Herzogenrath und Würselen",1372,6155,66766,1475,17864,6064,Aachen III,2479,66869,4288,1646,"aachen iii  städte aachen  n alsdorf, baesweiler, herzogenrath und würselen",Aachen,0.57,0.008636715018399578,0.008773154133271564,29974,0.8,34,93
26416,4,1487,111694,27802,5603,67326,4911,23274,"Von der Städteregion Aachen die Gemeinden Eschweiler, Monschau, Roetgen, Simmerath und Stolberg (Rhld.)",1257,5468,66078,1248,18690,5729,Aachen IV,2414,66069,4393,1482,"aachen iv  städte aachen  n eschweiler, monschau, roetgen, simmerath und stolberg (rhld.)",Aachen,0.59,0.008520910820896089,0.008422077161681427,27802,1.0,48,79
28943,5,1428,118837,31765,5725,74216,7458,21268,"Vom Rhein-Erft-Kreis die Gemeinden Bedburg, Bergheim, Elsdorf und Pulheim",1099,6516,72629,1587,18714,7017,Rhein-Erft-Kreis I,5097,73117,6555,1221,"rhein-erft-kreis i rhein-erft-kreis  n bedburg, bergheim, elsdorf und pulheim",Rhein-Erft-Kreis,0.61,0.009392922756195589,0.008960681716678923,31765,0.7,24,103
28401,6,1792,120151,30642,5644,72706,6528,22983,Vom Rhein-Erft-Kreis die Gemeinden Frechen und Hürth sowie die Gemeine Kerpen ohne den Stadtbezirk Türnich/Balkhausen/Brüggen,1096,6030,71414,1292,18099,7716,Rhein-Erft-Kreis II,3615,71610,6352,1726,rhein-erft-kreis ii rhein-erft-kreis  n frechen und hürth sowie  gemeine kerpen ohne den bezirk türnich/balkhausen/brüggen,Rhein-Erft-Kreis,0.59,0.00920181418982371,0.009059761429022015,30642,0.8,29,98
24511,7,1472,104396,27562,4785,64455,6382,20751,"Vom Rhein-Erft-Kreis die Gemeinden Brühl, Erftstadt und Wesseling sowie von der Gemeinde Kerpen der Stadtbezirk Türnich/Balkhausen/Brüggen",941,4879,63320,1135,16151,7446,Rhein-Erft-Kreis III,3343,63514,5313,1382,"rhein-erft-kreis iii rhein-erft-kreis  n brühl, erft und wesseling sowie    kerpen  bezirk türnich/balkhausen/brüggen",Rhein-Erft-Kreis,0.61,0.00815755142086055,0.007871785121590185,27562,1.0,54,73
23491,8,1779,128513,24414,6782,74289,8054,26019,"Vom Kreis Euskirchen die Gemeinden Bad Münstereifel, Blankenheim, Euskirchen, Kall, Mechernich, Nettersheim, Weilerswist und Zülpich",1378,6850,72697,1592,22848,6702,Euskirchen I,6656,72911,6141,1598,"euskirchen i kreis euskirchen  n bad münstereifel, blankenheim, euskirchen, kall, mechernich, nettersheim, weilerswist und zülpich",Euskirchen,0.57,0.00940216177960297,0.009690282399047085,26019,1.1,71,56
15295,9,1186,90431,15002,4419,51838,3647,23366,"Vom Kreis Heinsberg die Gemeinden Gangelt, Geilenkirchen, Heinsberg, Selfkant, Übach-Palenberg und Waldfeucht",1258,4534,50508,1330,19676,4182,Heinsberg I,2318,50580,3584,1001,"heinsberg i kreis heinsberg  n gangelt, geilenkirchen, heinsberg, selfkant, übach-palenberg und waldfeucht",Heinsberg,0.56,0.006560719114957245,0.006818780416208687,23366,1.4,100,27
19070,10,1240,97710,19397,4637,56056,4715,22221,"Vom Kreis Heinsberg die Gemeinden Erkelenz, Hückelhoven, Wassenberg und Wegberg",989,4712,55045,1011,18130,4729,Heinsberg II,2224,55067,4761,1099,"heinsberg ii kreis heinsberg  n erkelenz, hückelhoven, wassenberg und wegberg",Heinsberg,0.56,0.007094557481153658,0.007367639796836824,22221,1.5,113,14
23934,11,1290,102486,25088,5618,64216,4505,24298,"Vom Kreis Düren die Gemeinden Aldenhoven, Inden, Jülich, Langerwehe, Linnich, Merzenich, Niederzier, Nörvenich, Titz und Vettweiß",1182,5737,62858,1358,19537,5264,Düren I,2281,63034,4164,1171,"düren i kreis düren  n aldenhoven, inden, jülich, langerwehe, linnich, merzenich, niezier, nörvenich, titz und vettweiß",Düren,0.61,0.00812730311134871,0.007727765143983407,25088,1.2,82,45
22372,12,1558,117241,24037,6124,67224,5738,25523,"Vom Kreis Düren die Gemeinden Düren, Heimbach, Hürtgenwald, Kreuzau, Nideggen sowie vom Kreis Euskirchen die Gemeinden Dahlem, Hellenthal und Schleiden",1335,6472,65724,1500,21038,6158,Düren II - Euskirchen II,3109,65889,5025,1523,"düren ii - euskirchen ii kreis düren  n düren, heimbach, hürtgenwald, kreuzau, nideggen sowie  kreis euskirchen  n dahlem, hellenthal und schleiden",Düren,0.56,0.00850800150051865,0.00884033832177818,25523,1.1,76,51
24744,13,2249,121721,27576,6158,77571,9452,21257,Von der kreisfreien Stadt Köln vom Stadtbezirk 1 Innenstadt die Stadtteile 101 Altstadt-Süd und 102 Neustadt-Süd sowie der Stadtbezirk 2 Rodenkirchen,536,5603,76823,748,14341,17138,Köln I,4218,77035,15920,2504,köln i  en  köln  bezirk 1 innen  teile 101 alt-süd und 102 neu-süd sowie  bezirk 2 rodenkirchen,Köln,0.63,0.009817538147041715,0.009178144342552196,27576,1.0,53,74
22384,14,1706,107902,26539,4633,74535,11033,23958,Von der kreisfreien Stadt Köln der Stadtbezirk 3 Lindenthal,446,4177,73913,622,16753,15519,Köln II,4767,74089,12766,1650,köln ii  en  köln  bezirk 3 lindenthal,Köln,0.69,0.009433296022866203,0.008136148494097706,26539,1.1,67,60
21954,15,2605,103867,24893,5683,61842,3820,10507,Von der kreisfreien Stadt Köln der Stadtbezirk 4 Ehrenfeld sowie vom Stadtbezirk 5 Nippes die Stadtteile 501 Nippes und 507 Bilderstöckchen,533,5264,61007,835,8374,16045,Köln III,2197,61309,15541,2724,köln iii  en  köln  bezirk 4 ehrenfeld sowie  bezirk 5 nippes  teile 501 nippes und 507 bilstöckchen,Köln,0.59,0.007826845007662061,0.007831896866012182,24893,1.2,83,44
20687,16,1682,96381,22228,4179,52830,4071,14867,"Von der kreisfreien Stadt Köln der Stadtbezirk 6 Chorweiler sowie vom Stadtbezirk 5 Nippes die Stadtteile 502 Mauenheim, 503 Riehl, 504 Niehl, 505 Weidenpesch und 506 Longerich",560,4282,52105,725,11520,7310,Köln IV,2377,52270,6583,1551,"köln iv  en  köln  bezirk 6 chorweiler sowie  bezirk 5 nippes  teile 502 mauenheim, 503 riehl, 504 niehl, 505 weidenpesch und 506 longerich",Köln,0.54,0.006686268583726055,0.007267429037549175,22228,1.5,112,15
21630,17,1645,99377,24436,4458,56565,5222,15843,"Von der kreisfreien Stadt Köln der Stadtbezirk 7 Porz sowie vom Stadtbezirk 8 Kalk die Stadtteile 806 Merheim, 807 Brück und 808 Rath/Heumar",604,4862,55765,800,12717,7385,Köln V,2938,55961,6041,1601,"köln v  en  köln  bezirk 7 porz sowie  bezirk 8 kalk  teile 806 merheim, 807 brück und 808 rath/heumar",Köln,0.56,0.007158977521076364,0.007493336813941797,24436,1.2,92,35
17472,18,2088,90755,19110,4403,49460,4164,10345,"Von der kreisfreien Stadt Köln vom Stadtbezirk 8 Kalk die Stadtteile 801 Humboldt (Gremberg), 802 Kalk, 803 Vingst, 804 Höhenberg, 805 Ostheim und 809 Neubrück sowie vom Stadtbezirk 1 Innenstadt die Stadtteile 103 Altstadt-Nord, 104 Neustadt-Nord und 105 Deutz",438,4291,48891,569,7966,10559,Köln VI,2341,49022,9944,2216,"köln vi  en  köln  bezirk 8 kalk  teile 801 humboldt (gremberg), 802 kalk, 803 vingst, 804 höhenberg, 805 ostheim und 809 neubrück sowie  bezirk 1 innen  teile 103 alt-nord, 104 neu-nord und 105 deutz",Köln,0.54,0.006259754763412657,0.006843211030211093,19110,2.0,125,2
20326,19,1900,95578,23287,4627,51801,3600,10846,Von der kreisfreien Stadt Köln der Stadtbezirk 9 Mülheim,535,4905,51027,774,9626,8364,Köln VII,2629,51266,7340,2037,köln vii  en  köln  bezirk 9 mülheim,Köln,0.53,0.0065560363222713115,0.007206880324450619,23287,1.4,101,26
26275,20,1613,118002,28923,5263,68192,6080,21880,Kreisfreie Stadt Leverkusen,949,5437,67163,1029,16262,7870,Leverkusen,2880,67243,5735,1677,leverkusene  leverkusen,Leverkusen,0.57,0.00863051348213983,0.008897720103431981,28923,0.9,42,85
22409,21,1633,104466,25584,4603,66370,9198,22375,Vom Rheinisch-Bergischen Kreis die Gemeinden Bergisch Gladbach und Rösrath,653,4369,65627,743,16101,9774,Rheinisch-Bergischer Kreis I,3813,65717,7853,1425,rheinisch-bergischer kreis i rheinisch-bergischen kreis  n bergisch gladbach und rösrath,Rheinisch-Bergischer,0.63,0.008399917582848727,0.00787706334066478,25584,1.1,75,52
23021,22,1285,111069,23613,5000,70501,9824,25471,"Vom Rheinisch-Bergischen Kreis die Gemeinden Burscheid, Kürten, Leichlingen (Rhld.), Odenthal, Overath und Wermelskirchen",973,4897,69566,935,19448,7980,Rheinisch-Bergischer Kreis II,8071,69528,6229,1234,"rheinisch-bergischer kreis ii rheinisch-bergischen kreis  n burscheid, kürten, leichlingen (rhld.), odenthal, overath und wermelskirchen",Rheinisch-Bergischer,0.63,0.008922745058134974,0.008374950205658266,25471,1.1,78,49
21700,23,1268,110797,23233,4805,65486,6406,27580,"Vom Oberbergischen Kreis die Gemeinden Gummersbach, Hückeswagen, Lindlar, Marienheide, Radevormwald und Wipperfürth",1003,4918,64411,1075,20990,6241,Oberbergischer Kreis I,2698,64483,4325,1197,"oberbergischer kreis i oberbergischen kreis  n gummersbach, hückeswagen, lindlar, marienheide, radevormwald und wipperfürth",Oberbergischer,0.58,0.008288036806244264,0.008354440554396986,27580,1.0,52,75
19624,24,1132,99184,22641,4167,55766,4962,20728,"Vom Oberbergischen Kreis die Gemeinden Bergneustadt, Engelskirchen, Morsbach, Nümbrecht, Reichshof, Waldbröl und Wiehl",893,4059,54776,990,17032,5353,Oberbergischer Kreis II,2658,54873,3558,1127,"oberbergischer kreis ii oberbergischen kreis  n bergneu, engelskirchen, morsbach, nümbrecht, reichshof, waldbröl und wiehl",Oberbergischer,0.55,0.007057854511453098,0.007478784009921845,22641,1.5,109,18
23883,25,1413,122738,24509,6357,74040,8067,24267,"Vom Rhein-Sieg-Kreis die Gemeinden Eitorf, Hennef (Sieg), Lohmar, Much, Neunkirchen-Seelscheid, Ruppichteroth und Windeck",1134,6553,72573,1467,20047,10198,Rhein-Sieg-Kreis I,5064,72906,10388,1405,"rhein-sieg-kreis i rhein-sieg-kreis  n eitorf, hennef (sieg), lohmar, much, neunkirchen-seelscheid, ruppichteroth und windeck",Rhein-Sieg-Kreis,0.59,0.009370647850446282,0.009254829325393081,24509,1.2,90,37
18079,26,1029,91342,18687,4153,58033,7758,21121,"Vom Rhein-Sieg-Kreis die Gemeinden Bad Honnef, Königswinter und Sankt Augustin",742,4144,57071,962,16540,7637,Rhein-Sieg-Kreis II,4431,57291,6725,1014,"rhein-sieg-kreis ii rhein-sieg-kreis  n bad honnef, königswinter und sankt augustin",Rhein-Sieg-Kreis,0.62,0.007344770484939886,0.006887472667308046,21121,1.7,121,6
22769,27,1310,121552,25052,5782,78119,10597,31433,"Vom Rhein-Sieg-Kreis die Gemeinden Alfter, Bornheim, Meckenheim, Rheinbach, Swisttal und Wachtberg",1170,5636,76783,1336,23946,9415,Rhein-Sieg-Kreis III,4944,76949,7449,1251,"rhein-sieg-kreis iii rhein-sieg-kreis  n alfter, bornheim, meckenheim, rheinbach, swisttal und wachtberg",Rhein-Sieg-Kreis,0.63,0.009886894103579324,0.009165401213643534,31433,0.8,26,101
22835,28,1501,110389,24737,5487,64668,6607,22429,"Vom Rhein-Sieg-Kreis die Gemeinden Niederkassel, Siegburg und Troisdorf",942,5469,63570,1098,17293,7463,Rhein-Sieg-Kreis IV,3344,63726,5796,1423,"rhein-sieg-kreis iv rhein-sieg-kreis  n niekassel, siegburg und troisdorf",Rhein-Sieg-Kreis,0.58,0.00818450911929579,0.008323676077505067,24737,1.2,86,41
22705,29,1811,114709,32994,5789,73181,8676,20367,"Von der kreisfreien Stadt Bonn die Kommunalwahlbezirke 01 bis 08, 13 und 14 sowie 31 bis 37",864,4678,72098,1083,15219,14394,Bonn I,3992,72317,7722,2307,"bonn i  en  bonn  e 01 bis 08, 13 und 14 sowie 31 bis 37",Bonn,0.63,0.009261931122953936,0.008649417597537153,32994,0.7,15,112
21280,30,1639,110306,27144,5145,73790,11507,24123,"Von der kreisfreien Stadt Bonn die Kommunalwahlbezirke 09 bis 12, 16 und 17 sowie 21 bis 27 und 41 bis 43",748,4975,72778,1012,17688,12235,Bonn II,6830,73042,7744,1727,"bonn ii  en  bonn  e 09 bis 12, 16 und 17 sowie 21 bis 27 und 41 bis 43",Bonn,0.66,0.009339007359325111,0.008317417617745192,27144,1.0,59,68
18038,31,1705,83104,21185,3903,44693,3904,11107,"Von der kreisfreien Stadt Wuppertal die Stadtbezirke 6 Oberbarmen, 7 Heckinghausen, 8 Langerfeld-Beyenburg und 9 Ronsdorf sowie vom Stadtbezirk 5 Barmen der Kommunalwahlbezirk 52 Sedansberg",697,4138,43853,840,8799,5334,Wuppertal I,2287,43996,3431,1598,"wuppertal i  en  wuppertal  bezirke 6 oberbarmen, 7 heckinghausen, 8 langerfeld-beyenburg und 9 ronsdorf sowie  bezirk 5 barmen   52 sedansberg",Wuppertal,0.53,0.005656433878714151,0.006266301685357971,21185,1.7,120,7
20118,32,2238,90595,23884,4223,51697,4812,12183,"Von der kreisfreien Stadt Wuppertal der Stadtbezirk 2 Uellendahl-Katernberg, vom Stadtbezirk 0 Elberfeld die Kommunalwahlbezirke 01 Elberfeld-Mitte, 02 Hombüchel, 03 Höchsten, 04 Ostersbaum sowie der Stadtbezirk 5 Barmen ohne den Kommunalwahlbezirk 52 Sedansberg",719,4458,50831,866,9308,7782,Wuppertal II,2666,50978,5402,2247,"wuppertal ii  en  wuppertal  bezirk 2 uellendahl-katernberg,  bezirk 0 elberfeld  e 01 elberfeld-mitte, 02 hombüchel, 03 höchsten, 04 ostersbaum sowie  bezirk 5 barmen ohne den  52 sedansberg",Wuppertal,0.56,0.006542873877964904,0.0068311465294691644,23884,1.3,96,31
20364,33,1673,87820,23430,4196,52623,5325,13965,"Von der kreisfreien Stadt Wuppertal die Stadtbezirke 1 Elberfeld-West, 3 Vohwinkel und 4 Cronenberg sowie vom Stadtbezirk 0 Elberfeld die Kommunalwahlbezirke 05 Grifflenberg und 06 Friedrichsberg, von der kreisfreien Stadt Solingen der Stadtbezirk Gräfrath",675,4459,51753,870,10483,7468,Wuppertal III - Solingen II,2922,51948,5304,1545,"wuppertal iii - solingen ii  en  wuppertal  bezirke 1 elberfeld-west, 3 vohwinkel und 4 cronenberg sowie  bezirk 0 elberfeld  e 05 grifflenberg und 06 friedrichsberg,   en  solingen  bezirk gräfrath",Wuppertal,0.59,0.006660070257077725,0.006621902844726331,23430,1.4,99,28
21503,34,1358,99927,22280,5580,58229,5842,17668,Kreisfreie Stadt Solingen ohne den Stadtbezirk Gräfrath,810,5467,57298,931,13334,6708,Solingen I,2850,57419,7246,1472,solingen ie  solingen ohne den bezirk gräfrath,Solingen,0.57,0.007369576629978884,0.007534808535242178,22280,1.5,110,17
16425,35,1380,79758,18794,3723,43936,4348,13230,Kreisfreie Stadt Remscheid,652,4185,43180,756,10188,4373,Remscheid,2588,43284,3003,1222,remscheide  remscheid,Remscheid,0.54,0.005560626471599242,0.006014002813592379,18794,2.1,126,1
22882,36,1186,103661,23672,4554,62632,6356,23224,"Vom Kreis Mettmann die Gemeinden Langenfeld (Rhld.) und Monheim am Rhein sowie die Gemeinde Hilden mit Ausnahme der Wahlbezirke 3090, 3100, 3170, 3180 und 3200 bis 3230",764,4683,61759,873,17272,6856,Mettmann I,2920,61868,6074,1214,"mettmann i kreis mettmann  n langenfeld (rhld.) und monheim am rhein sowie   hilden mit ausnahme  e 3090, 3100, 3170, 3180 und 3200 bis 3230",Mettmann,0.6,0.007926828959604965,0.00781636382130695,23672,1.3,97,30
21026,37,1159,92076,22745,4267,58528,7217,19674,"Vom Kreis Mettmann die Gemeinden Erkrath und Haan, von der Gemeinde Hilden die Wahlbezirke 3090, 3100, 3170, 3180 und 3200 bis 3230 sowie die Gemeinde Mettmann ohne die Kommunalwahlbezirke 5020, 5150, 5160, 5170, 5180, 5190 und 5200",749,4330,57647,881,14931,6848,Mettmann II,3659,57779,6080,1117,"mettmann ii kreis mettmann  n erkrath und haan,    hilden  e 3090, 3100, 3170, 3180 und 3200 bis 3230 sowie   mettmann ohne  e 5020, 5150, 5160, 5170, 5180, 5190 und 5200",Mettmann,0.63,0.007407418657359806,0.006942818564461646,22745,1.4,107,20
20084,38,1063,88501,21966,3969,55936,7236,20563,Vom Kreis Mettmann die Gemeinden Heiligenhaus und Ratingen,643,3895,55164,772,15273,5771,Mettmann III,3221,55293,4456,989,mettmann iii kreis mettmann  n heiligenhaus und ratingen,Mettmann,0.62,0.007079370045415495,0.0066732523760091676,21966,1.5,115,12
21562,39,1488,87775,22266,4249,53114,4899,17342,"Vom Kreis Mettmann die Gemeinden Velbert und Wülfrath sowie von der Gemeinde Mettmann die Kommunalwahlbezirke 5020, 5150, 5160, 5170, 5180, 5190 und 5200",786,4407,52163,951,12645,5057,Mettmann IV,2435,52328,4225,1460,"mettmann iv kreis mettmann  n velbert und wülfrath sowie    mettmann  e 5020, 5150, 5160, 5170, 5180, 5190 und 5200",Mettmann,0.59,0.006722212181639707,0.006618509703892664,22266,1.5,111,16
23816,40,1901,117611,26586,4822,73730,10909,25945,"Von der kreisfreien Stadt Düsseldorf die Stadtbezirke 1, 5 und 6",726,4622,72845,885,19526,9776,Düsseldorf I,6076,73004,7715,1920,"düsseldorf i  en  düsseldorf  bezirke 1, 5 und 6",Düsseldorf,0.62,0.009331413641456029,0.008868237479743891,26586,1.1,65,62
20545,41,1874,98997,23170,4509,58774,6969,18563,Von der kreisfreien Stadt Düsseldorf die Stadtbezirke 2 und 7 sowie vom Stadtbezirk 8 die Stadtteile Eller und Lierenfeld,677,4384,57993,781,14011,8165,Düsseldorf II,3324,58097,6678,1843,düsseldorf ii  en  düsseldorf  bezirke 2 und 7 sowie  bezirk 8  teile eller und lierenfeld,Düsseldorf,0.59,0.007438552900623039,0.007464683624679716,23170,1.4,104,23
20481,42,2098,103065,24024,4686,64267,8321,20795,Von der kreisfreien Stadt Düsseldorf die Stadtbezirke 3 und 4,535,4502,63619,648,15652,10472,Düsseldorf III,3991,63732,8209,2113,düsseldorf iii  en  düsseldorf  bezirke 3 und 4,Düsseldorf,0.62,0.00813375777153743,0.007771423556043263,24024,1.3,95,32
19785,43,1646,93255,22709,4039,54303,5382,18390,Von der kreisfreien Stadt Düsseldorf die Stadtbezirke 9 und 10 sowie vom Stadtbezirk 8 die Stadtteile Vennhausen und Unterbach,717,4018,53488,815,14561,6042,Düsseldorf IV,2755,53586,3970,1544,düsseldorf iv  en  düsseldorf  bezirke 9 und 10 sowie  bezirk 8  teile vennhausen und unterbach,Düsseldorf,0.57,0.0068726943574120005,0.0070317188543037356,22709,1.4,108,19
20725,44,1292,110089,23062,5303,63786,7286,22788,Vom Rhein-Kreis Neuss die Gemeinde Neuss,763,5497,62921,865,18975,6723,Rhein-Kreis Neuss I,5577,63023,4705,1285,rhein-kreis neuss i rhein-kreis neuss   neuss,Rhein-Kreis,0.57,0.008072881466620295,0.00830105513861395,23062,1.4,105,22
23002,45,1268,104046,24571,5169,63019,6071,23121,"Vom Rhein-Kreis Neuss die Gemeinden Dormagen, Grevenbroich und Rommerskirchen",986,5333,61884,1135,18433,4907,Rhein-Kreis Neuss II,3777,62033,3814,1063,"rhein-kreis neuss ii rhein-kreis neuss  n dormagen, grevenbroich und rommerskirchen",Rhein-Kreis,0.59,0.00797580843986054,0.007845394026217216,24571,1.2,88,39
24090,46,1178,118503,24485,5586,79599,11739,32188,"Vom Rhein-Kreis Neuss die Gemeinden Jüchen, Kaarst, Korschenbroich und Meerbusch",871,5605,78526,1073,25429,7749,Rhein-Kreis Neuss III,6550,78728,7503,1166,"rhein-kreis neuss iii rhein-kreis neuss  n jüchen, kaarst, korschenbroich und meerbusch",Rhein-Kreis,0.66,0.010074205811016663,0.008935497071380147,32188,0.7,21,106
16070,47,1275,81049,18474,3921,42172,3926,11982,"Von der kreisfreien Stadt Krefeld die Stadtbezirke 1 Krefeld-West, 4 Krefeld-Mitte, 5 Krefeld-Süd und 6 Krefeld-Fischeln",629,3584,41544,628,9349,5129,Krefeld I,1872,41543,3631,1342,"krefeld i  en  krefeld  bezirke 1 krefeld-west, 4 krefeld-mitte, 5 krefeld-süd und 6 krefeld-fischeln",Krefeld,0.51,0.005337371166248253,0.00611134825395382,18474,2.2,127,0
19402,48,1004,85868,21339,3976,52454,6239,17500,"Von der kreisfreien Stadt Krefeld die Stadtbezirke 2 Krefeld-Nord, 3 Krefeld-Hüls, 7 Krefeld-Oppum-Linn, 8 Krefeld-Ost und 9 Krefeld-Uerdingen",689,3833,51690,764,13270,5821,Krefeld II,3016,51765,4360,1046,"krefeld ii  en  krefeld  bezirke 2 krefeld-nord, 3 krefeld-hüls, 7 krefeld-oppum-linn, 8 krefeld-ost und 9 krefeld-uerdingen",Krefeld,0.6,0.006638681285079813,0.006474715935674796,21339,1.6,119,8
19757,49,1504,102010,21586,4218,52962,4806,17107,"Von der kreisfreien Stadt Mönchengladbach die Stadtbezirke 04 Volksgarten, 06 Rheydt-West, 07 Rheydt-Mitte, 08 Odenkirchen, 09 Giesenkirchen und 10 Wickrath",777,4507,52075,887,13995,5211,Mönchengladbach I,2590,52185,4781,1511,"mönchengladbach i  en  mönchengladbach  bezirke 04 volksgarten, 06 rheydt-west, 07 rheydt-mitte, 08 odenkirchen, 09 giesenkirchen und 10 wickrath",Mönchengladbach,0.51,0.006702974763038034,0.007691873254276168,21586,1.6,118,9
16846,50,1145,91287,16895,4035,49845,4905,19773,"Von der kreisfreien Stadt Mönchengladbach die Stadtbezirke 01 Rheindahlen, 02 Hardt, 03 Stadtmitte und 05 Neuwerk",730,3974,49059,786,15230,4666,Mönchengladbach II,2621,49115,4041,1066,"mönchengladbach ii  en  mönchengladbach  bezirke 01 rheindahlen, 02 hardt, 03 mitte und 05 neuwerk",Mönchengladbach,0.54,0.006308481119739262,0.006883325495178007,19773,1.9,124,3
22059,51,1372,110487,20948,5185,65553,7090,25844,"Vom Kreis Viersen die Gemeinden Schwalmtal, Viersen und Willich",951,5188,64520,1033,19903,6600,Viersen I,3594,64602,7111,1248,"viersen i kreis viersen  n schwalmtal, viersen und willich",Viersen,0.58,0.008296516457864738,0.008331065584209499,25844,1.1,73,54
24459,52,1407,117164,26291,5689,72946,8011,27764,"Vom Kreis Viersen die Gemeinden Brüggen, Grefrath, Kempen, Nettetal, Niederkrüchten und Tönisvorst",995,5621,71865,1081,22304,7250,Viersen II,4603,71951,5654,1320,"viersen ii kreis viersen  n brüggen, grefrath, kempen, nettetal, niekrüchten und tönisvorst",Viersen,0.61,0.009232189061300035,0.008834532280796127,27764,1.0,50,77
21597,53,1260,113047,22117,5466,69385,6452,30621,"Vom Kreis Kleve die Gemeinden Geldern, Issum, Kalkar, Kerken, Kevelaer, Rheurdt, Straelen, Uedem, Wachtendonk und Weeze",918,5413,68426,959,25442,5956,Kleve I,3510,68467,5505,1183,"kleve i kreis kleve  n geln, issum, kalkar, kerken, kevelaer, rheurdt, straelen, uedem, wachtendonk und weeze",Kleve,0.61,0.008781501905770062,0.008524097596080365,30621,0.8,30,97
22465,54,1289,112627,23195,4880,64365,5749,24859,"Vom Kreis Kleve die Gemeinden Bedburg-Hau, Emmerich am Rhein, Goch, Kleve, Kranenburg und Rees",933,4930,63374,991,21227,5780,Kleve II,3549,63432,5552,1270,"kleve ii kreis kleve  n bedburg-hau, emmerich am rhein, goch, kleve, kranenburg und rees",Kleve,0.56,0.008146160844056928,0.0084924282816328,24859,1.2,85,42
25612,55,1900,93482,27418,4788,50894,2083,10473,Von der kreisfreien Stadt Oberhausen die Stadtbezirke Alt-Oberhausen und Osterfeld,804,5444,49942,952,8389,4516,Oberhausen I,1377,50090,3330,1832,oberhausen i  en  oberhausen  bezirke alt-oberhausen und osterfeld,Oberhausen,0.53,0.0064412446204837,0.007048835364731347,27418,1.0,57,70
35453,56,2132,116874,38148,5668,71424,3865,16079,Von der kreisfreien Stadt Oberhausen der Stadtbezirk Sterkrade sowie vom Kreis Wesel die Gemeinde Dinslaken,918,6091,70356,1068,13079,7096,Oberhausen II - Wesel I,2289,70506,5617,1961,oberhausen ii - wesel i  en  oberhausen  bezirk sterkrade sowie  kreis wesel   dinslaken,Oberhausen,0.6,0.00903956175135434,0.00881266537320138,38148,0.5,1,126
25604,57,1251,98344,26552,4714,60080,4302,19042,"Vom Kreis Wesel die Gemeinden Alpen, Kamp-Lintfort, Rheinberg, Sonsbeck und Xanten sowie von der Gemeinde Neukirchen-Vluyn die Kommunalwahlbezirke 011.0 bis 019.2",784,5090,59217,863,15688,5474,Wesel II,2472,59296,4810,1243,"wesel ii kreis wesel  n alpen, kamp-lintfort, rheinberg, sonsbeck und xanten sowie    neukirchen-vluyn  e 011.0 bis 019.2",Wesel,0.6,0.007603842826240041,0.007415445381026718,26552,1.1,66,61
31733,58,1944,120467,33236,5548,75172,5941,24291,"Vom Kreis Wesel die Gemeinden Hamminkeln, Hünxe, Schermbeck, Voerde (Niederrhein) und Wesel",904,5765,74224,948,19596,6765,Wesel III,3132,74268,5615,1821,"wesel iii kreis wesel  n hamminkeln, hünxe, schermbeck, voerde (nierhein) und wesel",Wesel,0.62,0.00951391599424295,0.009083588817987326,33236,0.7,13,114
25852,59,1565,89145,25625,4275,53718,3773,13703,Vom Kreis Wesel die Gemeinde Moers sowie von der Gemeinde Neukirchen-Vluyn die Kommunalwahlbezirke 001.0 bis 010.0,730,5067,52862,856,10352,4997,Wesel IV,2096,52988,4806,1377,wesel iv kreis wesel   moers sowie    neukirchen-vluyn  e 001.0 bis 010.0,Wesel,0.59,0.006798655608188458,0.006721811991495432,25625,1.1,74,53
30003,60,2248,100866,31929,4410,61555,3662,13984,"Von der kreisfreien Stadt Duisburg der Stadtbezirk 700 Süd sowie vom Stadtbezirk 500 Mitte die Ortsteile 504 Duissern, 505 Neudorf-Nord, 506 Neudorf-Süd und 509 Wanheimerort",809,4882,60651,904,11303,6441,Duisburg I,2126,60746,5482,2003,"duisburg i  en  duisburg  bezirk 700 süd sowie  bezirk 500 mitte  ortsteile 504 duissern, 505 neudorf-nord, 506 neudorf-süd und 509 wanheimerort",Duisburg,0.6,0.007790521723854956,0.007605612073971375,31929,0.7,22,105
24265,61,1424,81559,26105,3624,45939,2361,9125,"Von der kreisfreien Stadt Duisburgder Stadtbezirk 600 Rheinhausen sowie vom Stadtbezirk 400 Homberg/Ruhrort/Baerl die Ortsteile 402 Alt-Homberg, 403 Hochheide und 404 Baerl",684,4306,45138,801,7421,3708,Duisburg II,1447,45255,2731,1372,"duisburg ii  en  duisburg bezirk 600 rheinhausen sowie  bezirk 400 homberg/ruhrort/baerl  ortsteile 402 alt-homberg, 403 hochheide und 404 baerl",Duisburg,0.55,0.005814130086462072,0.006149803850068718,26105,1.1,70,57
18023,62,1867,77088,20086,2987,35066,1443,5964,"Von der kreisfreien Stadt Duisburg der Stadtbezirk 300 Meiderich/Beeck, vom Stadtbezirk 400 Homberg/Ruhrort/Baerl der Ortsteil 401 Ruhrort sowie vom Stadtbezirk 500 Mitte die Ortsteile 501 Altstadt, 502 Neuenkamp, 503 Kaßlerfeld, 507 Dellviertel und 508 Hochfeld",616,3388,34374,692,4931,3151,Duisburg III,888,34450,2181,1714,"duisburg iii  en  duisburg  bezirk 300 meiich/beeck,  bezirk 400 homberg/ruhrort/baerl  ortsteil 401 ruhrort sowie  bezirk 500 mitte  ortsteile 501 alt, 502 neuenkamp, 503 kaßlerfeld, 507 dellviertel und 508 hochfeld",Duisburg,0.45,0.004438021846620062,0.005812676457461438,20086,1.8,123,4
20634,63,1782,80995,21928,2958,37911,1290,6956,Von der kreisfreien Stadt Duisburg die Stadtbezirke 100 Walsum und 200 Hamborn,639,3586,37189,722,5729,2527,Duisburg IV,985,37272,1952,1586,duisburg iv  en  duisburg  bezirke 100 walsum und 200 hamborn,Duisburg,0.46,0.004798090635578998,0.006107276484953419,21928,1.5,116,11
34793,64,1586,122782,44714,5446,76585,6761,16024,Die kreisfreie Stadt Mülheim an der Ruhr ohne den Kommunalwahlbezirk 11 Winkhausen,1031,4864,75607,978,14225,9359,Mülheim I,4141,75554,4278,1819,mülheim i e  mülheim an  ruhr ohne den  11 winkhausen,Mülheim,0.62,0.009692748050059813,0.009258147063097112,44714,0.4,0,127
29937,65,1791,108012,33461,4741,58578,2817,12415,Von der kreisfreien Stadt Essen die Stadtbezirke IV Borbeck und V Altenessen/Karnap/Vogelheim sowie von der kreisfreien Stadt Mülheim an der Ruhr der Kommunalwahlbezirk 11 Winkhausen,831,4996,57651,927,10323,4997,Essen I - Mülheim II,1608,57747,3380,1622,essen i - mülheim ii  en  essen  bezirke iv borbeck und v altenessen/karnap/vogelheim sowie   en  mülheim an  ruhr   11 winkhausen,Essen,0.53,0.00741374675558404,0.008144442838357783,33461,0.7,11,116
26923,66,1861,103210,29485,4445,55443,2830,12008,Von der kreisfreien Stadt Essen die Stadtbezirke VI Katernberg/Schonnebeck/Stoppenberg und VII Steele/Kray sowie vom Stadtbezirk I Stadtmitte/Frillendorf/Huttrop die Stadtteile 11 Huttrop und 36 Frillendorf,852,4797,54508,935,10116,5275,Essen II,1872,54591,3924,1758,essen ii  en  essen  bezirke vi katernberg/schonnebeck/stoppenberg und vii steele/kray sowie  bezirk i mitte/frillendorf/huttrop  teile 11 huttrop und 36 frillendorf,Essen,0.53,0.007016974996924544,0.007782357009840636,29485,0.9,38,89
23497,67,2125,96654,27484,4907,53541,3138,10838,"Von der kreisfreien Stadt Essen der Stadtbezirk III Essen-West sowie vom Stadtbezirk I Stadtmitte/Frillendorf/Huttrop die Stadtteile 1 Stadtkern, 2 Ostviertel, 3 Nordviertel, 4 Westviertel, 5 Südviertel und 6 Südostviertel",675,5163,52728,813,8872,7659,Essen III,1864,52866,5168,2131,"essen iii  en  essen  bezirk iii essen-west sowie  bezirk i mitte/frillendorf/huttrop  teile 1 kern, 2 ostviertel, 3 nordviertel, 4 westviertel, 5 südviertel und 6 südostviertel",Essen,0.55,0.006776254140474668,0.007288014091940092,27484,1.0,55,72
33573,68,1771,126694,37948,5528,88291,10266,27897,"Von der kreisfreien Stadt Essen die Stadtbezirke II Rüttenscheid/Bergerhausen/Rellinghausen/Stadtwald, VIII Essen-Ruhrhalbinsel und IX Werden/Kettwig/Bredeney",838,5474,87308,983,21081,12395,Essen IV,5323,87453,8895,1751,"essen iv  en  essen  bezirke ii rüttenscheid/bergerhausen/rellinghausen/wald, viii essen-ruhrhalbinsel und ix werden/kettwig/bredeney",Essen,0.69,0.011174282406317569,0.009553124106237279,37948,0.5,2,125
23485,69,1836,90464,24863,4778,52733,3059,14204,Vom Kreis Recklinghausendie Gemeinde Recklinghausen,769,5130,51829,904,11222,5012,Recklinghausen I,1707,51964,4089,1593,recklinghausen i kreis recklinghausen  recklinghausen,Recklinghausen,0.57,0.0066739920731710405,0.00682126871948671,24863,1.2,84,43
27790,70,1786,97797,28643,5039,56625,2985,13582,Vom Kreis Recklinghausen die Gemeinde Herten sowie die Gemeinde Marl ohne die Stadtteile Sinsen-Lenkerbeck und Hüls-Süd,811,5541,55667,958,11420,4096,Recklinghausen II,2028,55814,3373,1532,recklinghausen ii kreis recklinghausen   herten sowie   marl ohne  teile sinsen-lenkerbeck und hüls-süd,Recklinghausen,0.57,0.007166571238945445,0.007374199869115247,28643,0.9,44,83
26517,71,2054,95519,28172,4444,55990,3276,14316,"Vom Kreis Recklinghausen die Gemeinde Gladbeck sowie die Gemeinde Dorsten ohne die Stadtteile Deuten, Lembeck, Rhade und Wulfen",764,4633,55072,918,11934,4334,Recklinghausen III,1799,55226,3393,1697,"recklinghausen iii kreis recklinghausen   gladbeck sowie   dorsten ohne  teile deuten, lembeck, rhade und wulfen",Recklinghausen,0.58,0.007086204391497668,0.0072024315398020325,28172,0.9,47,80
26912,72,1912,103156,26845,5280,63743,3918,21550,"Vom Kreis Recklinghausen die Gemeinden Haltern am See und Oer-Erkenschwick, von der Gemeinde Datteln der Kreistagswahlbezirk I, von der Gemeinde Dorsten die Stadtteile Deuten, Lembeck, Rhade und Wulfen sowie von der Gemeinde Marl die Stadtteile Hüls-Süd und Sinsen-Lenkerbeck",846,5610,62808,935,16782,5844,Recklinghausen IV,1998,62897,4893,1488,"recklinghausen iv kreis recklinghausen  n haltern am see und oer-erkenschwick,    datteln  kreistags i,    dorsten  teile deuten, lembeck, rhade und wulfen sowie    marl  teile hüls-süd und sinsen-lenkerbeck",Recklinghausen,0.61,0.008067439302147452,0.007778285240840235,26845,1.0,63,64
26544,73,1694,95400,27684,4997,55443,2997,12705,Vom Kreis Recklinghausen die Gemeinden Castrop-Rauxel und Waltrop sowie von der GemeindeDatteln der Kreistagswahlbezirk II,848,5364,54477,966,11148,4722,Recklinghausen V,2738,54595,4292,1502,recklinghausen v kreis recklinghausen  n castrop-rauxel und waltrop sowie   datteln  kreistags ii,Recklinghausen,0.57,0.007016974996924544,0.007193458567375222,27684,1.0,51,76
27372,74,1750,99494,30140,4248,54176,2470,12073,"Von der kreisfreien Stadt Gelsenkirchen die Stadtbezirke 2 Gelsenkirchen-Nord, 3 Gelsenkirchen-West und 4 Gelsenkirchen-Ost",843,4814,53286,890,9804,4135,Gelsenkirchen I,1729,53333,2780,1488,"gelsenkirchen i  en  gelsenkirchen  bezirke 2 gelsenkirchen-nord, 3 gelsenkirchen-west und 4 gelsenkirchen-ost",Gelsenkirchen,0.54,0.006856620987922445,0.007502158980109333,30140,0.8,33,94
20644,75,1728,83961,23271,3703,41977,1707,8331,Von der kreisfreien Stadt Gelsenkirchen die Stadtbezirke 1 Gelsenkirchen-Mitte und 5 Gelsenkirchen-Süd,686,4155,41167,810,7036,3519,Gelsenkirchen II,1182,41291,2500,1504,gelsenkirchen ii  en  gelsenkirchen  bezirke 1 gelsenkirchen-mitte und 5 gelsenkirchen-süd,Gelsenkirchen,0.49,0.005312691583173739,0.0063309221674569295,23271,1.4,102,25
26861,76,1546,90226,29190,4151,54390,2842,12598,Kreisfreie Stadt Bottrop,766,4225,53515,875,10922,4225,Bottrop,1927,53624,2881,1441,bottrope  bottrop,Bottrop,0.59,0.006883705248322168,0.00680332277463309,29190,0.9,40,87
23363,77,914,109845,23182,3866,67732,4875,30704,"Vom Kreis Borken die Gemeinden Bocholt, Borken, Isselburg und Rhede",787,3862,66998,734,26163,5975,Borken I,2416,66945,5920,886,"borken i kreis borken  n bocholt, borken, isselburg und rhede",Borken,0.61,0.008572294978476872,0.008282656774982508,30704,0.8,28,99
20500,78,1117,109264,20204,4217,65833,5165,32553,"Vom Kreis Borken die Gemeinden Ahaus, Gronau (Westf.), Heek, Legden, Schöppingen, Stadtlohn und Vreden",797,4339,65098,735,27274,5024,Borken II,2819,65036,4066,1073,"borken ii kreis borken  n ahaus, gronau (westf.), heek, legden, schöppingen, lohn und vreden",Borken,0.6,0.00833195380792045,0.008238847556663379,32553,0.7,20,107
21789,79,893,111023,21233,4473,72794,5926,34792,"Vom Kreis Coesfeld die Gemeinden Billerbeck, Coesfeld, Havixbeck und Rosendahl sowie vom Kreis Borken die Gemeinden Gescher, Heiden, Raesfeld, Reken, Südlohn und Velen",742,4552,71994,800,29779,7216,Coesfeld I - Borken III,3698,72052,6826,883,"coesfeld i - borken iii kreis coesfeld  n billerbeck, coesfeld, havixbeck und rosendahl sowie  kreis borken  n gescher, heiden, raesfeld, reken, südlohn und velen",Coesfeld,0.65,0.009212951642698362,0.008371481661694961,34792,0.6,6,121
24400,80,1223,115015,24350,4998,76124,6394,34692,"Vom Kreis Coesfeld die Gemeinden Ascheberg, Dülmen, Lüdinghausen, Nordkirchen, Nottuln, Olfen und Senden",880,4925,75187,937,28423,7674,Coesfeld II,3228,75244,6769,1238,"coesfeld ii kreis coesfeld  n ascheberg, dülmen, lüdinghausen, nordkirchen, nottuln, olfen und senden",Coesfeld,0.65,0.009634402984432373,0.008672490955206093,34692,0.6,7,120
24503,81,1240,113225,23919,4601,72604,5425,32678,"Vom Kreis Steinfurt die Gemeinden Altenberge, Greven, Horstmar, Laer, Metelen, Neuenkirchen, Nordwalde, Ochtrup, Steinfurt und Wettringen",780,4265,71849,755,26543,7456,Steinfurt I,2852,71824,6594,1217,"steinfurt i kreis steinfurt  n altenberge, greven, horstmar, laer, metelen, neuenkirchen, nordwalde, ochtrup, steinfurt und wettringen",Steinfurt,0.63,0.009188904869446271,0.00853751935315576,32678,0.7,19,108
24472,82,1336,110150,24624,4883,68457,4408,30582,"Vom Kreis Steinfurt die Gemeinden Emsdetten, Hörstel, Ladbergen, Rheine und Saerbeck",676,4280,67831,626,24586,6380,Steinfurt II,2007,67781,4734,1403,"steinfurt ii kreis steinfurt  n emsdetten, hörstel, ladbergen, rheine und saerbeck",Steinfurt,0.62,0.008664052402728271,0.00830565472952181,30582,0.8,31,96
29234,83,1209,113292,31821,4270,68714,4432,23723,"Vom Kreis Steinfurt die Gemeinden Hopsten, Ibbenbüren, Lengerich, Lienen, Lotte, Mettingen, Recke, Tecklenburg und Westerkappeln",695,4037,68004,710,20806,6383,Steinfurt III,2443,68019,4771,1185,"steinfurt iii kreis steinfurt  n hopsten, ibbenbüren, lengerich, lienen, lotte, mettingen, recke, tecklenburg und westerkappeln",Steinfurt,0.6,0.008696578827600835,0.008542571362841443,31821,0.7,23,104
25716,84,1714,114339,27261,4921,79279,8130,26025,"Von der kreisfreien Stadt Münster die Stadtbezirke Nord, Ost und der nördlich des Aa-Flusslaufes gelegene Teil des Stadtbezirks West sowie der nördlich folgender Linie gelegene Teil des Stadtbezirks Mitte: Von der Torminbrücke Mitte des Aasees bis zum Aegidiitor; entlang der Promenade bis zum Mauritztor; Warendorfer Straße bis zur Bahnlinie Münster-Osnabrück; südlich der Bahnlinie bis zur Wolbecker Straße. Im weiteren Verlauf Wolbecker Straße, Sternstraße bis zum Hohenzollernring. In nördlicher Richtung bis zur Straße St. Mauritz Freiheit; von dort über den Mauritz Lindenweg und die Straße Zum Guten Hirten bis zur östlichen Grenze des Stadtbezirks Mitte (Dortmund-Ems-Kanal). Für Verkehrslinien oder Gewässer gilt jeweils deren Mitte als Grenzlinie.",628,4238,78519,760,20398,15719,Münster I,3976,78651,14674,1910,"münster i  en  münster  bezirke nord, ost und  nördlich des aa-flusslaufes gelegene teil des bezirks west sowie  nördlich folgen linie gelegene teil des bezirks mitte:   torminbrücke mitte des aasees bis zum aegidiitor; entlang  promenade bis zum mauritztor; warendorfer straße bis zur bahnlinie münster-osnabrück; südlich  bahnlinie bis zur wolbecker straße. im weiteren verlauf wolbecker straße, sternstraße bis zum hohenzollernring. in nördlicher richtung bis zur straße st. mauritz freiheit;  dort über den mauritz lindenweg und  straße zum guten hirten bis zur östlichen grenze des bezirks mitte (dortmund-ems-kanal). für verkehrslinien o gewässer gilt jeweils en mitte als grenzlinie.",Münster,0.69,0.010033705982381562,0.008621518439571442,27261,1.0,58,69
25145,85,1716,111638,29629,4829,74596,6758,24432,"Von der kreisfreien Stadt Münster die Stadtbezirke Südost, Hiltrup und der südlich des Aa-Flusslaufes gelegene Teil des Stadtbezirks West sowie der südlich folgender Linie gelegene Teil des Stadtbezirks Mitte: Von der Boeselagerstraße der Aa folgend bis zur Torminbrücke, von dort durch den Aasee bis zum Aegidiitor, entlang der Promenade bis zum Mauritztor, Warendorfer Straße bis zur Bahnlinie Münster-Osnabrück; südlich der Bahnlinie bis zur Wolbecker Straße. Im weiteren Verlauf Wolbecker Straße, Sternstraße bis zum Hohenzollernring. In nördlicher Richtung bis zur Straße St. Mauritz Freiheit; von dort über den Mauritz Lindenweg und die Straße Zum Guten Hirten bis zur östlichen Grenze des Stadtbezirks Mitte (Dortmund-Ems-Kanal). Für Verkehrslinien oder Gewässer gilt jeweils deren Mitte als Grenzlinie.",661,4331,73860,736,19567,13919,Münster II,3200,73935,10071,1745,"münster ii  en  münster  bezirke südost, hiltrup und  südlich des aa-flusslaufes gelegene teil des bezirks west sowie  südlich folgen linie gelegene teil des bezirks mitte:   boeselagerstraße  aa folgend bis zur torminbrücke,  dort durch den aasee bis zum aegidiitor, entlang  promenade bis zum mauritztor, warendorfer straße bis zur bahnlinie münster-osnabrück; südlich  bahnlinie bis zur wolbecker straße. im weiteren verlauf wolbecker straße, sternstraße bis zum hohenzollernring. in nördlicher richtung bis zur straße st. mauritz freiheit;  dort über den mauritz lindenweg und  straße zum guten hirten bis zur östlichen grenze des bezirks mitte (dortmund-ems-kanal). für verkehrslinien o gewässer gilt jeweils en mitte als grenzlinie.",Münster,0.66,0.00944101630269977,0.008417854586421752,29629,0.8,36,91
23191,86,1136,112387,23563,4332,70974,5947,30523,"Vom Kreis Warendorf die Gemeinden Beelen, Ennigerloh, Everswinkel, Oelde, Ostbevern, Sassenberg, Telgte und Warendorf",988,4144,69891,1083,25661,7737,Warendorf I,3389,69986,7136,1071,"warendorf i kreis warendorf  n beelen, ennigerloh, everswinkel, oelde, ostbevern, sassenberg, telgte und warendorf",Warendorf,0.62,0.00898260886733623,0.008474331530519907,30523,0.8,32,95
23275,87,1265,97905,24456,3975,58825,3948,22580,"Vom Kreis Warendorf die Gemeinden Ahlen, Beckum, Drensteinfurt, Sendenhorst und Wadersloh",833,4128,57991,834,19037,4855,Warendorf II,1849,57992,3713,1074,"warendorf ii kreis warendorf  n ahlen, beckum, drensteinfurt, sendenhorst und wasloh",Warendorf,0.59,0.007445007560811758,0.00738234340711605,24456,1.2,91,36
25543,88,-,116159,27772,4609,65459,5011,25008,"Vom Kreis Minden-Lübbecke die Gemeinden Espelkamp, Hille, Hüllhorst, Lübbecke, Petershagen, Preußisch Oldendorf, Rahden und Stemwede",1150,4796,64260,1199,20393,5243,Minden-Lübbecke I,2673,64309,4011,982,"minden-lübbecke i kreis minden-lübbecke  n espelkamp, hille, hüllhorst, lübbecke, petershagen, preußisch oldendorf, rahden und stemwede",Minden-Lübbecke,0.55,0.008284619633203177,0.008758752135510885,27772,1.0,49,78
29879,89,1708,128556,32948,5356,70823,5975,19510,"Vom Kreis Minden-Lübbecke die Gemeinden Bad Oeynhausen, Minden und Porta Westfalica",1192,5150,69722,1101,16399,7674,Minden-Lübbecke II,4364,69631,5603,1643,"minden-lübbecke ii kreis minden-lübbecke  n bad oeynhausen, minden und porta westfalica",Minden-Lübbecke,0.54,0.008963498010699043,0.009693524733621478,32948,0.7,16,111
22812,90,1499,95883,26687,4283,55303,4017,16252,"Vom Kreis Herford die Gemeinden Enger, Herford, Hiddenhausen und Vlotho",832,4173,54483,820,14110,5608,Herford I,2203,54471,3669,1522,"herford i kreis herford  n enger, herford, hiddenhausen und vlotho",Herford,0.57,0.006999256321896688,0.007229878278989921,26687,1.0,64,63
24867,91,1446,98060,27463,4367,56967,3788,15882,"Vom Kreis Herford die Gemeinden Bünde, Kirchlengern, Löhne, Rödinghausen und Spenge",1058,4200,56034,933,13717,5459,Herford II,2338,55909,4216,1381,"herford ii kreis herford  n bünde, kirchlengern, löhne, rödinghausen und spenge",Herford,0.57,0.007209855430799208,0.007394030892209793,27463,1.0,56,71
21240,92,3036,92961,25178,4677,57915,3775,12471,"Von der kreisfreien Stadt Bielefeld die Stadtbezirke Mitte, Schildesche und Gadderbaum",681,4155,57148,767,10001,12203,Bielefeld I,2153,57234,9854,3215,"bielefeld i  en  bielefeld  bezirke mitte, schildesche und gadbaum",Bielefeld,0.61,0.007329836173130692,0.007009550334190441,25178,1.2,81,46
26553,93,2255,113422,29630,4543,65900,4290,20680,"Von der kreisfreien Stadt Bielefeld die Stadtbezirke Heepen, Brackwede, Stieghorst, Sennestadt und Senne",1034,4464,64882,1018,17028,7142,Bielefeld II,2073,64866,5285,2301,"bielefeld ii  en  bielefeld  bezirke heepen, brackwede, stieghorst, senne und senne",Bielefeld,0.57,0.008340433459540924,0.00855237376969426,29630,0.8,35,92
23205,94,1612,94301,25285,4138,60352,5241,19307,"Vom Kreis Gütersloh die Gemeinden Borgholzhausen, Halle (Westf.), Steinhagen, Versmold und Werther (Westf.) sowie von der kreisfreien Stadt Bielefeld die Stadtbezirke Dornberg und Jöllenbeck",689,4009,59589,763,15398,8174,Gütersloh I - Bielefeld III,2699,59663,6677,1497,"gütersloh i - bielefeld iii kreis gütersloh  n borgholzhausen, halle (westf.), steinhagen, versmold und werther (westf.) sowie   en  bielefeld  bezirke dornberg und jöllenbeck",Gütersloh,0.63,0.007638267680579877,0.007110590527904097,25285,1.2,80,47
21840,95,1353,100364,21748,4190,58526,4274,20834,"Vom Kreis Gütersloh die Gemeinden Gütersloh, Harsewinkel und Herzebrock-Clarholz",889,4182,57611,915,17164,6595,Gütersloh II,2205,57637,7112,1304,"gütersloh ii kreis gütersloh  n gütersloh, harsewinkel und herzebrock-clarholz",Gütersloh,0.57,0.007407165533430836,0.007567759702893573,21748,1.6,117,10
18676,96,956,99018,16652,3791,59955,5024,29257,"Vom Kreis Gütersloh die Gemeinden Langenberg, Rheda-Wiedenbrück, Rietberg, Schloß Holte-Stukenbrock und Verl",949,3491,59019,936,22466,5599,Gütersloh III,2451,59006,5672,917,"gütersloh iii kreis gütersloh  n langenberg, rheda-wiedenbrück, rietberg, schloß holte-stukenbrock und verl",Gütersloh,0.6,0.007588022580679456,0.007466267090402094,29257,0.9,39,88
23193,97,1207,93896,26136,4152,57077,4868,16909,"Vom Kreis Lippe die Gemeinden Bad Salzuflen, Lage, Leopoldshöhe und Oerlinghausen",944,4147,56189,888,13929,5542,Lippe I,2824,56133,3755,1138,"lippe i kreis lippe  n bad salzuflen, lage, leopoldshöhe und oerlinghausen",Lippe,0.6,0.0072237772468925245,0.007080052260401089,26136,1.1,69,58
22489,98,1024,87231,23535,4110,52457,3668,15773,"Vom Kreis Lippe die Gemeinden Barntrup, Blomberg, Dörentrup, Extertal, Kalletal, Lemgo und Lügde",996,3896,51591,866,12992,4701,Lippe II,2360,51461,3739,1025,"lippe ii kreis lippe  n barntrup, blomberg, dörentrup, extertal, kalletal, lemgo und lügde",Lippe,0.59,0.006639060970973267,0.006577490401370105,23535,1.3,98,29
22436,99,1364,91460,24332,3970,54628,4458,15500,"Vom Kreis Lippe die Gemeinden Augustdorf, Detmold, Horn-Bad Meinberg, Schieder-Schwalenberg und Schlangen",831,4173,53792,836,12676,5706,Lippe III,2669,53797,4494,1381,"lippe iii kreis lippe  n augustdorf, detmold, horn-bad meinberg, schie-schwalenberg und schlangen",Lippe,0.59,0.006913826995869524,0.006896370236605219,24332,1.3,93,34
19099,100,1259,118031,18135,4633,70418,5651,36130,"Vom Kreis Paderborn die Gemeinden Altenbeken, Bad Lippspringe, Bad Wünnenberg, Borchen, Büren, Delbrück, Hövelhof, Lichtenau und Salzkotten",1114,4537,69255,1163,30521,5502,Paderborn I,3119,69304,5626,1193,"paborn i kreis paborn  n altenbeken, bad lippspringe, bad wünnenberg, borchen, büren, delbrück, hövelhof, lichtenau und salzkotten",Paderborn,0.59,0.008912240415082744,0.008899906794191456,36130,0.6,3,124
17922,101,1730,108277,17305,4874,60345,4733,24543,Vom Kreis Paderborn die Gemeinde Paderborn,824,4571,59534,811,20295,7649,Paderborn II,2631,59521,8145,1492,paborn ii kreis paborn   paborn,Paderborn,0.55,0.007637381746828484,0.008164424667711603,24543,1.2,89,38
20554,102,1198,114904,20877,4679,68755,5407,32998,Kreis Höxter,1298,4607,67414,1341,28102,4962,Höxter,2734,67457,4569,1173,höxterkreis höxter,Höxter,0.59,0.008701767868144708,0.008664121207816379,32998,0.7,14,113
24722,103,1579,103920,26856,4660,57194,4037,15919,"Von der kreisfreien Stadt Hagen die Stadtbezirke 1 Hagen-Mitte, 2 Hagen-Nord und 3 Hohenlimburg",726,5196,56141,1053,13055,5478,Hagen I,2222,56468,4369,1482,"hagen i  en  hagen  bezirke 1 hagen-mitte, 2 hagen-nord und 3 hohenlimburg",Hagen,0.54,0.007238584996737233,0.007835893231882947,26856,1.0,62,65
22850,104,1377,88862,25376,4193,51270,3908,13193,"Von der kreisfreien Stadt Hagen die Stadtbezirke 4 Eilpe/Dahl und 5 Haspe sowie vom Ennepe-Ruhr-Kreis die Gemeinden Breckerfeld, Ennepetal und Gevelsberg",651,4463,50452,818,10857,4948,Hagen II - Ennepe-Ruhr-Kreis III,2236,50619,3807,1244,"hagen ii - ennepe-ruhr-kreis iii  en  hagen  bezirke 4 eilpe/dahl und 5 haspe sowie  ennepe-ruhr-kreis  n breckerfeld, ennepetal und gevelsberg",Hagen,0.57,0.006488831919129942,0.0067004729058081445,25376,1.2,79,48
29840,105,1629,108239,33270,5231,67928,5483,16053,"Vom Ennepe-Ruhr-Kreis die Gemeinden Hattingen, Schwelm, Sprockhövel und Wetter (Ruhr)",919,5453,66742,1186,13802,8137,Ennepe-Ruhr-Kreis I,3872,67009,6465,1586,"ennepe-ruhr-kreis i ennepe-ruhr-kreis  n hattingen, schwelm, sprockhövel und wetter (ruhr)",Ennepe-Ruhr-Kreis,0.62,0.00859710112351587,0.008161559348785395,33270,0.7,12,115
26678,106,1997,95314,26448,4704,58227,3866,12087,Vom Ennepe-Ruhr-Kreis die Gemeinden Witten und Herdecke,809,5191,57209,1018,10264,7801,Ennepe-Ruhr-Kreis II,2438,57418,9048,1583,ennepe-ruhr-kreis ii ennepe-ruhr-kreis  n witten und herdecke,Ennepe-Ruhr-Kreis,0.6,0.007369323506049915,0.007186973898226435,26448,1.1,68,59
28919,107,2184,102459,32844,5447,60947,2859,11780,"Von der kreisfreien Stadt Bochum die Kommunalwahlbezirke 10, 11, 14, 17, 31, 32, 33, 41, 42, 43, 44 und 45",927,6066,59866,1081,10172,7530,Bochum I,1730,60020,5262,2209,"bochum i  en  bochum  e 10, 11, 14, 17, 31, 32, 33, 41, 42, 43, 44 und 45",Bochum,0.58,0.007713572049448266,0.007725729259483206,32844,0.7,18,109
28550,108,2147,98083,33940,4862,65310,4637,14993,"Von der kreisfreien Stadt Bochum die Kommunalwahlbezirke 13, 26, 51, 52, 53, 54, 61, 62, 63, 64 und 65",777,4857,64389,921,12529,9491,Bochum II,2330,64533,6122,2154,"bochum ii  en  bochum  e 13, 26, 51, 52, 53, 54, 61, 62, 63, 64 und 65",Bochum,0.66,0.008265761900494958,0.0073957651641914455,33940,0.6,8,119
28300,109,2588,106059,29551,5317,58917,2583,12224,"Von der kreisfreien Stadt Bochum die Kommunalwahlbezirke 12, 15, 16, 18, 21, 22, 23, 24, 25 und 27 sowie von der kreisfreien Stadt Herne der Stadtbezirk Eickel",921,6285,57749,1168,10037,6025,Bochum III - Herne II,1835,57996,5266,2392,"bochum iii - herne ii  en  bochum  e 12, 15, 16, 18, 21, 22, 23, 24, 25 und 27 sowie   en  herne  bezirk eickel",Bochum,0.54,0.0074566512615443495,0.00799718052617661,29551,0.9,37,90
24958,110,2195,91423,27076,4489,50404,2206,10145,Die kreisfreie Stadt Herne ohne den Stadtbezirk Eickel,1003,4980,49391,1013,8576,4404,Herne I,1524,49401,3471,1871,herne i e  herne ohne den bezirk eickel,Herne,0.54,0.006379229257886203,0.006893580320808648,27076,1.0,60,67
23341,111,1975,91632,24701,4827,49195,2141,8729,"Von der kreisfreien Stadt Dortmund die Stadtbezirke Innenstadt-West, Huckarde und Mengede",594,5047,48497,698,7279,7148,Dortmund I,1321,48601,6724,1830,"dortmund i  en  dortmund  bezirke innen-west, huckarde und mengede",Dortmund,0.53,0.006226215842824215,0.0069093395749027925,24701,1.2,87,40
21287,112,1950,89716,23193,4254,47223,2904,9308,"Von der kreisfreien Stadt Dortmund die Stadtbezirke Innenstadt-Nord, Innenstadt-Ost und Eving",566,4512,46493,730,7412,6712,Dortmund II,1591,46657,5773,1979,"dortmund ii  en  dortmund  bezirke innen-nord, innen-ost und eving",Dortmund,0.52,0.005976635648860411,0.0067648671785181915,23193,1.4,103,24
32830,113,2111,118957,35105,5351,67155,3797,14413,"Von der kreisfreien Stadt Dortmund die Stadtbezirke Scharnhorst, Brackel und Aplerbeck",720,5549,66311,844,12299,7617,Dortmund III,2441,66435,6692,1940,"dortmund iii  en  dortmund  bezirke scharnhorst, brackel und aplerbeck",Dortmund,0.56,0.008499268724969207,0.00896973009223537,35105,0.6,5,122
32088,114,2028,121252,33863,6272,72343,5532,17654,"Von der kreisfreien Stadt Dortmund die Stadtbezirke Hörde, Hombruch und Lütgendortmund",761,6365,71386,957,13949,8955,Dortmund IV,3099,71582,8063,1962,"dortmund iv  en  dortmund  bezirke hörde, hombruch und lütgendortmund",Dortmund,0.59,0.009155872196715768,0.009142780274752415,33863,0.6,9,118
33589,115,1665,115154,35715,5858,72943,5071,18559,"Vom Kreis Unna die Gemeinden Fröndenberg/Ruhr, Holzwickede, Schwerte und Unna",866,6133,71945,998,15291,8153,Unna I,3129,72077,6744,1507,"unna i kreis unna  n fröndenberg/ruhr, holzwickede, schwerte und unna",Unna,0.62,0.00923180937540658,0.008682971990225644,35715,0.6,4,123
30158,116,1780,110197,31754,5235,63946,3591,16501,"Vom Kreis Unna die Gemeinden Lünen, Selm und Werne",816,5618,62954,992,14408,5538,Unna II,2274,63130,5027,1584,"unna ii kreis unna  n lünen, selm und werne",Unna,0.57,0.008093131380937844,0.008309198676614752,31754,0.7,25,102
31586,117,1350,98735,32875,4901,58229,2481,11574,"Vom Kreis Unna die Gemeinden Bergkamen, Bönen und Kamen sowie von der kreisfreien Stadt Hamm der Stadtbezirk Herringen",747,5317,57336,893,9584,4890,Unna III - Hamm II,1465,57482,4755,1410,"unna iii - hamm ii kreis unna  n bergkamen, bönen und kamen sowie   en  hamm  bezirk herringen",Unna,0.58,0.007369576629978884,0.007444928004714807,32875,0.7,17,110
31103,118,1571,115375,33531,4854,67271,4014,20626,Die kreisfreie Stadt Hamm ohne den Stadtbezirk Herringen,870,4603,66205,1066,17241,5137,Hamm I,2220,66401,3654,1567,hamm i e  hamm ohne den bezirk herringen,Hamm,0.57,0.008513949912849431,0.008699636081875432,33531,0.7,10,117
26522,119,1353,115460,25498,4901,69704,5639,28777,"Vom Kreis Soest die Gemeinden Bad Sassendorf, Ense, Lippetal, Möhnesee, Soest, Welver, Werl und Wickede (Ruhr)",960,4981,68765,939,21287,6679,Soest I,2912,68744,5244,1314,"soest i kreis soest  n bad sassendorf, ense, lippetal, möhnesee, soest, welver, werl und wickede (ruhr)",Soest,0.6,0.008821875172440676,0.008706045347894582,28777,0.9,43,84
26285,120,1601,116899,28227,4918,68102,5961,24190,"Vom Kreis Soest die Gemeinden Anröchte, Erwitte, Geseke, Lippstadt, Rüthen und Warstein",950,4437,67145,957,20476,5818,Soest II,4381,67152,4309,1493,"soest ii kreis soest  n anröchte, erwitte, geseke, lipp, rüthen und warstein",Soest,0.57,0.008619122905336207,0.008814550451442308,28227,0.9,46,81
23756,121,1580,102312,25500,4725,57146,4205,19015,"Vom Märkischen Kreis die Gemeinden Altena, Iserlohn, Nachrodt-Wiblingwerde und Werdohl",819,4869,56172,974,14996,4450,Märkischer Kreis I,2135,56327,3073,1449,"märkischer kreis i märkischen kreis  n altena, iserlohn, nachrodt-wiblingwerde und werdohl",Märkischer,0.55,0.007232510022441968,0.007714644999426559,25500,1.1,77,50
22951,122,1296,105625,23034,5039,60265,4758,22755,"Vom Märkischen Kreis die Gemeinden Balve, Hemer, Menden (Sauerland), Neuenrade und Plettenberg",816,5344,59364,901,18008,4808,Märkischer Kreis II,2622,59449,4313,1235,"märkischer kreis ii märkischen kreis  n balve, hemer, menden (sauerland), neuenrade und plettenberg",Märkischer,0.56,0.007627256789669709,0.007964455567914128,23034,1.4,106,21
24673,123,1462,107715,26919,4722,59936,4843,18968,"Vom Märkischen Kreis die Gemeinden Halver, Herscheid, Kierspe, Lüdenscheid, Meinerzhagen und Schalksmühle",755,4873,59069,867,15706,5045,Märkischer Kreis III,3210,59181,3637,1403,"märkischer kreis iii märkischen kreis  n halver, herscheid, kierspe, lüdenscheid, meinerzhagen und schalksmühle",Märkischer,0.55,0.007585617903354247,0.008122048108855577,26919,1.0,61,66
22169,124,1309,106591,22199,4605,65436,5298,29034,"Vom Hochsauerlandkreis die Gemeinden Arnsberg, Eslohe (Sauerland), Schmallenberg und Sundern (Sauerland)",844,4450,64513,923,24284,5022,Hochsauerlandkreis I,2873,64592,4648,1152,"hochsauerlandkreis i hochsauerlandkreis  n arnsberg, eslohe (sauerland), schmallenberg und sunn (sauerland)",Hochsauerlandkreis,0.61,0.008281708708020028,0.008037294991143525,29034,0.9,41,86
19412,125,1140,100400,19807,4201,61002,4817,28315,"Vom Hochsauerlandkreis die Gemeinden Bestwig, Brilon, Hallenberg, Marsberg, Medebach, Meschede, Olsberg und Winterberg",1088,4192,59909,1093,23995,4074,Hochsauerlandkreis II,2361,59914,3372,1049,"hochsauerlandkreis ii hochsauerlandkreis  n bestwig, brilon, hallenberg, marsberg, medebach, meschede, olsberg und winterberg",Hochsauerlandkreis,0.6,0.007720532957494923,0.007570474215560507,28315,0.9,45,82
25403,126,1584,112772,24139,4416,62405,4781,21422,"Vom Kreis Siegen-Wittgenstein die Gemeinden Burbach, Freudenberg, Neunkirchen und Siegen",870,4591,61456,949,16411,6121,Siegen-Wittgenstein I,2406,61535,7314,1596,"siegen-wittgenstein i kreis siegen-wittgenstein  n burbach, freudenberg, neunkirchen und siegen",Siegen-Wittgenstein,0.54,0.00789809939366694,0.008503361735430174,24139,1.3,94,33
25400,127,1696,103721,25955,4183,62665,4716,22917,"Vom Kreis Siegen-Wittgenstein die Gemeinden Bad Berleburg, Bad Laasphe, Erndtebrück, Hilchenbach, Kreuztal, Netphen und Wilnsdorf",892,4453,61671,994,18084,5315,Siegen-Wittgenstein II,2527,61773,4123,1258,"siegen-wittgenstein ii kreis siegen-wittgenstein  n bad berleburg, bad laasphe, erndtebrück, hilchenbach, kreuztal, netphen und wilnsdorf",Siegen-Wittgenstein,0.59,0.007931005504432959,0.007820888009085172,25955,1.1,72,55
19076,128,1117,104327,18768,4066,62592,4761,30965,Kreis Olpe,832,4211,61718,874,26545,4157,Olpe,2642,61760,4015,1009,olpekreis olpe,Olpe,0.59,0.007921766481025577,0.007866582305645228,30965,0.8,27,100
